PetID,AdoptionSpeed
378fcc4fc,1
73c10e136,4
72000c4c5,4
e147a4b9f,4
43fbba852,4
77a490ec9,4
28c4b1b13,4
d1eada628,3
d134dec34,4
bcd464bb8,2
4e21958c3,4
7b070aed6,3
ff8d0708f,4
f1e6c9bf3,1
248914c05,4
948002885,4
111e67cd2,3
4f4b2ede1,4
d77fca061,2
ac9fb74b9,4
47ef39e7a,2
c69ee9807,3
62dcf8ecb,4
4df1d19d6,4
e8ef8455e,4
cbd23bc17,2
4d1a91ccf,2
004ee5cf7,4
95fad0a75,3
64341b5db,4
36726d4ef,4
0b56a7525,4
7f819d0db,3
550a0368b,3
9f60fc089,4
92ad0b5d6,4
a0465636d,4
257e363e0,3
ead84ae08,2
e3b8f72db,3
3dd3a9a4a,4
7d266f64e,1
ee31cafb8,3
39795544e,3
bd401c9d7,4
ca34f08c5,3
f28185f8b,4
578ded1cf,2
075c67b05,3
2d3f76a93,3
c9049c53d,4
d51a9f925,4
1d4d82bda,4
e56ca790d,4
64d85557b,3
07dfc8e89,4
5891eb6ec,3
1e79f1a74,4
0603e450a,3
4c08175f2,4
63ea487ed,4
94738fe21,4
f8c7d5162,1
3aab441c8,2
9aaaee20a,4
99b56d294,2
35edda33d,2
348fade02,4
301b3b88b,4
59b68d2e2,4
bcb71ba05,3
b3d560f95,1
c87763ce2,1
40f5e930e,4
0e178cab1,4
ea75287c4,2
128337e08,3
1a92f6e92,4
f1eb8b164,4
959a881a3,4
699ede995,3
95b2b8d75,4
75f25bcb6,2
87c583bbc,2
c74a234f2,4
02661c4c5,4
fee0eca1a,4
1ec246964,2
9d9ac4430,4
68801b60f,3
fe174feaf,4
295d49ea4,3
6ab47c3bb,4
bdb8343cb,4
d36ac8c08,4
3972dce9e,4
a0b3ccddc,4
6e4ba0bbc,4
b23d4068f,4
2920191f9,4
d683ca8e2,3
48efa3f5e,4
e03924fbe,3
6d19b5b19,2
c224db738,2
1b5ee9232,4
a3af20492,1
1dfaadc39,4
427a7d9a4,4
d8e945151,4
27c72b14a,3
3b69b9208,3
cc5e6046a,4
ff78e02f1,4
2499a5ac3,2
53c4f449e,3
4f167e094,3
76b8cdefd,3
94c6c543b,4
835cb2fef,2
a90f1da14,3
4db3fb6cd,4
6d680bfcd,2
ff8d81a17,2
bddf3eba7,4
af689290f,4
83c01a2f1,4
73a62be68,4
b590148db,4
c143aa174,4
71866498f,4
959973c0a,4
87bf9db6c,4
3ccb69d5e,3
e9a238ffc,2
8b590e38d,3
ae69e67e9,3
4ccb74caf,4
023572703,4
c8107d860,4
ae6da35ad,3
0b3c0c460,4
ddb893ad0,1
31896f476,3
091271d52,1
7977c1678,3
c584098d4,1
7c0eb87d7,1
bc2140510,2
500ddcf93,1
f9d04b2c1,1
1895238aa,1
7410e4590,2
238a79d8f,2
335c29a28,3
9b7e7d728,2
9bb49d92f,1
47edb873c,1
0de470e08,1
fcbadee1d,3
b245ba4ee,1
a752c78f4,1
201dab625,2
4fb06e56b,1
57fc14141,1
b5f878e59,1
dfa4ed447,1
9685bf777,1
bf5e0d442,1
78a8f8a07,1
92143aaee,2
f72282155,2
aac356b94,0
f86d87b63,1
e38b05c0d,1
b058642e7,1
655867ece,1
e024807df,1
4192f7f1b,2
2b9c8cfa6,1
1640ba06b,2
bef3d72f4,1
7fda5f5f8,2
67405624c,2
96c7bbbaf,2
6bbf1c7a8,2
5470874da,1
677287d56,1
10888c73f,1
c941bf351,1
db6972cb2,1
a657b0ea6,1
e9143cfdf,2
c1805e832,1
261ce8fc3,1
de136c13b,2
8ed7d0992,1
da111ef86,1
9af944fc5,2
0325c6d0c,1
b003e8b9f,2
889bfaf96,1
a4404351a,1
3a00823a4,1
5e98f3ff3,2
d8acef713,1
b974a19cd,2
df21b3124,1
9b01e4b24,1
387ae48fc,2
1ee21b297,1
8fd546c6f,1
dbe6d4fd1,1
09dbd2f26,1
2acdd3a56,1
8b6fd3411,1
26f787401,1
cea74a1f7,1
df4f4130b,1
ef6b5d97f,1
97a07be8d,1
b079f32ce,1
964243fcb,1
6c48a45ee,2
0f3aa4636,1
3bd5dd377,1
bd86f3b7c,1
4af2a37ff,1
0dee9d530,1
1430f6686,1
f6b750fa0,2
851572525,1
b8821af5e,1
7c0cb2781,1
5882f07fa,1
b4dbe4f8d,1
58834bef4,1
d32ca0658,2
0a4d04d13,1
99c6a442d,2
99a0d761b,1
5cfe97f4d,1
5edfbf6ba,1
0b1d74132,2
90336856d,2
223157063,4
1f1ddd287,4
cd51d5ffe,2
144d036b1,4
3b715cea3,3
176780982,3
7950faa64,4
c55bc1c7c,4
b2b237033,3
81d4518ee,1
4df1ef790,1
0915242e3,3
9bc2df0bb,3
1fb65d9a3,2
65a011bca,4
88147811c,2
fff5752ef,3
8f52ecfdd,0
cd4d7d073,2
cbf5be359,2
4d1055a38,1
ad4d4083a,1
a27323945,4
df25123be,4
64048c5fb,1
d160d237c,2
684c1757e,2
0ab53d252,2
cefd51047,2
c48a69f0a,4
da11448b6,1
f5bc25243,3
7a0627be7,3
e13c0f168,2
0eb92ca85,3
6f3a546dc,2
60dc59d7e,3
50848490f,2
ebbfc5416,4
be33711da,2
29ffee2ab,2
f22172a19,4
de5a1529d,1
78bf39732,4
df90f6792,2
d6ab3d456,4
bb36edf54,2
ef5d82c92,4
7700279d3,3
abc94aacf,1
771d872a7,4
7b074b69d,4
0b74e8432,4
fa07edb31,3
0a9497647,4
2e6ed1d30,1
e9665fc0f,3
b58629240,4
fb3a6969b,4
d739b8ea0,4
351ca0f97,3
41b3f325e,4
1e5fba5c2,4
efbc6b3fe,3
c4fa4914b,4
c1a0105d0,3
a5c61707b,3
f31765a83,3
f554997f5,1
b4b53b798,1
5eb07029d,1
7aa891436,2
53d7bd640,2
9e1db93d7,1
002d58f95,1
801ce34d9,3
971d25a97,3
82203c5da,1
9a5b91c0a,1
838c99628,2
04465b5e7,3
3f9fd0166,1
baa12ea44,1
0584689f1,3
3bf766f12,1
cc854698d,2
0f14425da,2
eea05de84,3
24a749cf5,3
6b0e3e8a4,1
26cad56b0,2
6cd12b223,1
f75ef16b3,1
50d9eb08e,1
1d9b084a3,1
557b18791,1
872d0a084,3
6f35aa679,1
5f1a99014,2
820720238,1
a09a02848,1
ed19d5a78,3
7f1d157a6,1
5b1b64fc6,1
a76126713,1
55a13f499,1
70c322ca8,1
b759d6a14,1
48f5fa3df,1
835f0b15c,1
b000029b2,1
0768924b3,1
c3e62dc54,1
72123cd55,4
b40e4f9e9,3
a12e55ad6,4
cf01fc160,1
617e5fe89,4
ef4302021,4
7f5646199,2
d5d8f297e,1
78db7b8e3,1
ec92805e3,3
d8823e6dd,2
e76e72f23,1
ec767387d,3
69c0631de,1
8049de4a7,1
b6c980449,2
928357091,2
60f010c04,1
8aa1e6cb5,2
02d7d425a,4
3eec94b7b,2
ab8ab0e02,4
bddd0c64a,3
b7e885611,1
a0a0ddd80,1
d826ef544,1
08f0404e1,4
33f5c30ff,1
e1eaf1f74,1
e4618b7b9,3
a50d71570,2
4a288da21,1
9d9733860,1
73f318529,1
cca745253,3
eacbd58b0,1
eec125a4a,2
502911dbd,2
e04a35a41,1
5342033a7,1
cdaf456cf,2
75e4fbcef,4
3087667fd,2
7562239de,3
2378b2a7d,1
ea1a2b014,2
c86c3f3b3,1
87db66a72,4
9e8aed47c,4
aa4ec0b7b,2
54e04a9c4,2
4b047a13d,4
780edb258,4
f3c696dce,1
532aa2fb9,4
9f814c16e,1
1d7cdece4,1
e3b49febf,3
8ad63f37f,2
a7d5c2242,1
c43c466e3,1
c3433e19d,1
1b5943aaa,1
1f27709ce,2
93b1fdf09,2
8d7fbf152,1
e46215f44,4
92ae90261,2
c26273a72,4
b6faa5d0c,2
831daae06,4
7be9199b4,4
a5b873b6e,3
b702963dd,4
a982d66db,3
81fa439c6,2
31a535f56,1
cc6abdd95,3
de097478a,2
f69593c1b,2
948ce715f,3
f9f2a222e,2
5a393e52c,3
bb55b187f,3
4657c608a,3
879067966,4
6fdc13751,1
058d9f3fd,2
4137e2c58,3
a0e97dd06,1
87eeb11ac,2
e0be7d774,3
d405dfce6,3
a6914376f,3
e6845a1d1,1
1ae728335,4
849b12fe0,3
7a82b099c,2
891b51d83,3
987c30415,2
fa42fddef,4
44664ad4a,2
cf38c80ab,3
5408a54c7,2
4303c865e,4
b39f6200e,2
97ebb54fe,3
717d8019c,4
98c8a3e58,1
29c57716c,3
46d2d6f64,4
dfd722c50,1
4487f2bcf,3
e5e796868,4
30e80f19c,2
1ae174833,3
4b4881b91,3
0e2869ac3,2
e938a1e6a,4
82214f3a4,3
28cd684a5,3
8bc2c1ead,3
6e0ee24b0,3
cb8d2a118,1
a4de34766,4
9dc89cdab,2
b0bbd1503,1
1be0db8e9,4
85cacbcec,1
db1b7bf8b,4
de7ae1f0b,4
c9b70a7c4,4
8e3fe7b5e,3
ac13c0cd4,1
7400342c0,2
20647571b,3
feea78c0a,1
8807673c1,2
e554dffbc,2
79d37667e,3
926ef2f60,4
20f58ed95,1
073f57c15,4
0f8b0cb3c,4
878904af4,2
ea6f66062,3
ac3e0a48f,0
004cf6089,3
5cfe411cb,3
7ebafbae3,4
f9cf956fc,4
a53278ff3,3
19a0f671b,2
d26296a67,3
9b2f67c6e,1
6f3d75dc1,1
3ff5b908e,3
f3c74e463,1
145aa4d64,2
f42a5b81c,2
995728b7e,2
c3fc3bcb8,1
a3ea76f09,2
b51266b11,2
2801de50d,1
0ad9d4fd0,1
4f1941c1b,1
39cc80de9,2
223f25172,1
b4719ca7c,1
d56197b06,2
f3e46aa6e,4
772111493,2
26b387591,1
da4823525,4
f1e8168ce,2
6a6d80b9a,1
22d0da252,1
af52f13a5,3
73415ac0e,1
577ba4e53,3
97fadb81f,1
f0a9e7880,3
1265338d2,1
1fceb7280,3
8aaa5af7f,2
58af044bb,2
a4974980b,2
83bf26924,2
f1eff69a3,2
3b9dd74b8,1
494442e83,1
9466c9b36,2
000c21f80,1
a226c0872,1
93750c323,3
c98ae5256,1
f338db3f3,3
beaffb689,1
6cae4ce75,1
4797fd404,2
79c97b719,2
a462f03c3,4
269dbc193,2
936ae4908,3
534f1885c,1
4057b6a41,1
30ed97f23,3
2536623e0,1
3b63a0ca8,3
89ba10c3f,2
513db5e47,3
539c9ec3d,1
2046cf663,1
a93de89f5,1
e469e18c1,3
073e033a3,4
aca756485,1
26302a794,2
01e7a25d6,4
57d7b2d43,1
c7a275165,2
53233df86,2
d1bb3e502,2
e37322e54,4
71d90d199,1
a9eaa8041,1
7ab900c01,2
c333a003e,4
2d9f6b906,1
511301e7d,1
4c9e94650,2
a2200e8aa,2
98e640678,1
19d861c85,3
dd4077415,1
48593c5b4,4
e00384dc6,2
0352a0ce5,1
23cc351f5,1
c9be84842,2
d2e1a5a68,2
470653184,2
2a69e15f4,4
3b68427d2,4
7293da62a,1
088a4b4aa,2
c1f8b346b,4
c40b151c9,1
29c3d2e34,2
04af1791f,1
49b82b06e,4
d098e91c5,1
6f6064448,4
c13e5f667,3
d15797630,2
cb6587025,2
cb3310666,1
44704879b,1
b21c0bf53,1
3895b99e3,4
252403a98,1
0118e0990,1
03a6f3852,4
445810c68,2
90f068186,3
5d9ecb00f,1
aa373cc64,2
771f02e42,2
55800cee3,1
0626c67dd,2
d3987ecf5,1
38d96666f,3
988e47944,2
87226c200,2
ba7dcba75,1
2d86ffa7a,1
c6aff3fd8,1
8d3c2d72b,1
085129474,1
27e7d47b6,4
31eafe6ef,2
965005fda,1
d009e34ba,3
f8e75043b,2
6cfe2748e,1
64e00ab2c,1
7c2a08f41,1
c270806fd,1
b9de9ecd8,1
0ce1b66ce,1
1b5edd6f1,1
37ef7dcc8,1
39fa339e3,1
4f9a4bffc,2
50c0a9329,2
0df2a6f99,2
29de42f4a,2
31f602634,2
350caedf4,2
5be8cfc67,3
fa09fda1a,2
d2ad766f6,2
6591264e9,2
ff23007d4,3
3ff5b5ca1,3
a74a6d785,2
ee551ddfb,2
39b7c97c3,1
aa1d5638b,2
e685f3c4e,2
dec5e83a2,1
68df30c4d,2
c489fd162,2
9447414ff,3
40802c588,4
d272784b3,1
c4a3f5215,1
7a12b2af4,2
370280ff2,2
f267a1a66,4
7f46433b5,1
63efe7744,1
9edcc7dd0,1
9428467e8,4
3bec91491,3
eb44980b8,3
d3be56103,2
40632091e,2
c246aa80f,4
7ec454420,3
2a2f4be17,3
6692d9946,1
2954f8aea,2
915799ea3,1
3bfd36967,2
923492de1,3
8c5f5b628,2
eab225174,2
87777e68d,2
73ac66cd7,1
bc8a14000,2
d41cc19b4,1
8e9b7ecb1,2
7ab6a6192,3
0ff918b94,1
784441a4e,2
83904959c,2
9f56cf32e,2
5d0cdc3a7,1
6c221a562,3
417802258,3
643f275eb,3
7b40b013c,3
252b6b562,1
d5d4d49b4,2
5a8bcdf7d,4
2916d13e9,1
78548272e,1
6b735add7,1
c0947cb70,1
31c85be7c,2
777b17bb8,2
ddec80496,3
b77b8ae58,1
9ad247ea7,1
9efba5681,2
4406a893a,2
c4692db05,1
777373cc8,2
70aad67ae,1
79523c81d,2
82ae21e62,1
8a51a7ca6,1
62b0a2633,2
8fe8a0b9d,4
8db9935ba,4
10f27e489,2
dabe2ca11,2
c3fe885e7,2
88aaa8cb7,3
429746fa8,2
4a2f24287,3
c2c49887c,3
3155c4c07,2
696888b07,4
116d04a3e,1
22c8c9238,3
63c2914c2,1
4bfa665fd,3
211dbc5e2,3
767f03371,3
e0c0e8996,3
741947e08,1
72e59dd47,2
505037d6d,3
b11f91ced,2
93f2c9ee0,1
2e2c1d082,2
252fa874e,3
ee471427e,3
a9e1e154a,2
e2fd54afc,4
eb12b75d2,2
94ffdd93c,4
c3f088934,4
3b310f54d,4
e2005bb4c,3
f226ec9c1,4
fbe2a5ea8,4
b09467fa2,4
dc33adc1a,1
9ab81b3e0,3
8def469fe,3
bbde3314b,2
798456e7b,3
4e4bbdba2,2
75e64c6b5,4
f7b52283c,4
d8ad6c1de,3
53d870534,1
135234f32,1
2c688db55,3
aaf22f292,2
e5db86945,3
ce8fdd720,4
6180790e2,3
3ef8e3c10,4
5765d8240,2
7f992a891,2
5a4ed9f25,2
7e322bd55,2
f8868d690,3
7e008e818,1
c228f4293,3
52acbc630,4
35c34bdfd,1
8dea28408,4
7597f4210,3
591f0a114,3
3fa5fba46,4
233d08bb1,4
ca15b54ae,1
e99160687,3
4ba858df3,4
62b065db7,3
be10ae529,3
dff8203bf,3
cf56161c2,3
1b3a195ae,2
b06e4a04b,2
67e33c026,3
21323ab5c,2
44ad04898,1
e629ebf54,3
f100e4b85,3
f9cac0fa3,3
8738eafb4,4
27b46c823,3
07b5f3344,2
d8baec065,3
45530ea77,2
d27346d04,4
13517ad21,3
bd8f9547d,4
2bd5ce781,4
7fe7b5c88,4
bdab587ee,3
287ff720d,2
6422836ad,2
614494f00,3
458683f6f,4
c4acee3dc,4
26b30a979,4
83d688b83,4
fadbbfecc,2
b13517268,2
c2602732c,1
bb134e98f,2
e69d158ac,2
46ef6e10b,1
205ce681c,3
0afed346f,3
d380a2bfc,2
610f23f00,1
e12e6c77d,2
82fd13a37,1
be4053473,3
a57ccdf7a,2
5f4c5316a,1
487d249ee,3
d1d32a8d7,1
267df54a7,3
db9c0253d,1
21eca6014,2
6069f575a,2
3bdf7f396,2
f1c064a0e,3
ad70c12a7,2
3fd24c3ef,3
3563d1d53,4
e41d4efb8,2
b814839bc,3
5f35e89a9,4
b0a4f19ff,4
1cce3f324,3
81b9901db,3
8b801f2be,3
d505bed08,3
1bea8833d,1
b2a29d333,4
f95f86b17,2
bdc163732,2
bd8e74a80,4
63c8a07f4,2
630794d7d,2
984df9850,3
9dbaf8a68,4
5557ba20d,3
37968daed,1
4eae62f07,3
65d6c3290,4
d0ad242be,3
43162a244,3
38bed8f85,3
f69f6cf25,1
455fe1272,4
1585e31a1,2
70aec7d9a,3
bc309b188,1
7ddceb832,3
72bea1f70,4
ef874a565,4
ba4754079,2
eefd0bf99,2
ace2fe01d,3
9f3e1208f,2
2884073d9,4
ae1bf1397,2
e1cf1e592,4
413007d3f,1
a51a4a91f,2
3f6d04efb,4
a74ee2c2b,2
5f4bfd5f7,3
8d2be7f16,4
2bccc705a,1
49897924e,4
56a425609,2
5458ccb3d,4
0df5238d7,4
1548bba9f,4
5c6805939,3
d209adf87,3
65c748792,1
5ed9e0442,2
ca768e7de,2
875195d55,3
2b17e08a7,2
3fa587b7e,4
63935ea48,2
38af4c7e7,1
9ed4273a5,1
0fab3d2ee,3
51eb1b4b1,2
722bdf2a7,4
ea53b9c93,1
dd11efee2,2
daf0475ee,3
d800b8143,1
f9f69faca,4
5e9da1643,1
ee2b30c38,2
7ead7ea3f,3
fb61905a6,4
87d5053c6,1
169b9ccc5,4
595a40121,3
4faf00da3,3
86fc4268c,2
47469eeca,4
37b855461,4
beaa42896,3
95b2810c9,3
e091a7dce,2
8cbc9e8a2,4
9d3774025,2
f59397152,3
a168290b9,3
d631fa033,2
970a3e0e7,2
f9ff5a90d,3
9aab47fe6,2
74fafd5d5,4
d3b38f1e9,2
a29f203d8,4
07bafcec0,3
bd2e2a613,3
53d7eab35,2
6094fd727,4
be541df1b,3
aaceff2f9,3
621f9c562,2
20b198c77,3
cf99678fa,3
ae360265c,3
7ec62db29,2
f1c5acde8,2
6d497c99d,4
f32678ae6,3
b95abc52a,2
f3425ad46,1
f00e82516,3
5da7754a6,3
dd0960329,3
f81080e64,3
3dd09498f,1
ba58e37f3,3
7bfa3138d,2
7af87b0e9,4
e031aa024,3
0ecb9d4f3,3
95a312ec1,2
0919b238a,4
9042d12ed,2
4ab4710e0,3
b661e13c8,4
2b5349ff4,3
64438faa7,1
f8a723197,2
57a95d735,2
17ecb4550,3
58c4e9f5c,3
381bd3018,3
0fde2c7cc,3
ed6f693ef,3
c5f2c614b,2
1526cf0a2,4
55c5189a6,3
06fc80c2b,1
4d3a84704,3
ffea1ef51,1
d7c87febb,1
ef4d4d0d0,1
1cb33307c,1
4c7270fba,1
04204b8a1,2
3d80aedb1,1
f8af3929c,1
409f0a30e,1
fa752a9b7,1
1b9bc20ed,1
c3868c29d,3
8ec13a66e,1
d787cfbc9,3
c3dea2b43,1
1a251e813,3
734ae4be0,2
f3409ad0a,1
bd1cc6b5a,2
8f55ec42a,2
f23593596,1
12c8ae39c,1
8e5a8b127,3
4e1af64a8,1
d7d2d5063,1
925d65c0b,1
1e6cae3fe,1
87fbfdc44,1
fb2176a0d,1
021c9bd5d,1
569f0042e,1
0a4465e2e,2
71fcc91f0,1
d02c16ba6,1
2a291de5d,1
88920eb75,1
864c81ba0,1
f857fda99,1
c99e1591d,1
dc4092be1,1
082df54ae,1
fa8a8f28b,2
eeeb944a4,1
ef34344da,4
8f0235b3a,2
3d748805f,4
2b006b40f,2
c40649db3,2
0d1589413,1
1c7538aeb,4
ef326716f,2
211ea05f2,1
8e3321de8,2
093581205,2
aec43e224,3
cfa37c339,3
67fe5be41,2
3b33a44c6,3
fb6ded00c,2
e1dd34d5f,2
b05ec9a80,4
7f01bc6e5,4
c4111fca5,1
7bf18c1c9,4
56c8c337f,2
f74ed71c7,3
7000a0cd3,2
03692b443,4
24b8b2364,2
bcccc164a,1
7e8dfdcb4,3
782dbbb08,4
fef9bb912,4
479b7da76,1
72837a57b,4
21af74cbb,3
71a09cc77,1
f8d51c4ad,1
609a9b08d,2
188c4c6de,3
844805c25,3
1f21d5699,2
9333271ca,3
bdba33638,4
948f4c314,4
10359504f,2
46934491f,3
facb5e336,3
9386dbc07,4
ca694bfd0,1
ec1e7ec3e,2
b3b653e1d,2
048a377e7,3
19513f745,3
9fa354d57,3
e86fe4dc4,3
f2fabb48a,1
686045165,2
d3c4c75d6,4
d0393b239,1
d80129637,1
32a6aa751,4
c4d50addd,2
ed670fc0c,1
dd548bc9d,2
3318e6d2a,2
6b223a649,2
402afe862,2
0dc2998c3,3
ac3ca079e,1
f16ca8787,4
fd0e3963b,4
3914719b8,4
68b0a87d1,2
d6623c730,3
ab4e3334d,2
5f94a65d7,2
bff736dec,4
67ae46f0c,4
ae5dfea0c,4
4f605c05b,4
62b164a6c,4
592dd2ca3,3
450ace55e,1
b78ea4bc0,3
555c3e9ea,2
c0f48f0d7,4
90bef110d,3
307cf438a,2
0e3a6023a,4
43850cfc2,2
66a6f2e85,4
53a8e277f,4
c9afc9a2b,4
c7a5c3e7c,4
38227ec2b,3
fd3f07bff,4
48a82737c,2
53f6d3a6a,3
95c9867f1,2
cd2cc0cba,4
774151723,3
24e35e2a4,4
2d45ed13f,1
aa82fda49,3
25ff67233,3
78a6e4205,4
f05e245f5,2
dd7cb86f4,4
75a918e47,2
97ee9e04d,2
23b8acc9f,4
771df9728,3
12d5f2550,4
0079accbd,1
596a80fe7,2
40895f625,3
9546944df,1
c67be69c6,3
8121fa2d4,4
fd9ca5f77,4
fcf9e8e9e,4
5b5ba69ae,4
7b752456a,3
92745def0,4
468edb849,3
5730889aa,4
c8d90cc80,2
1a8edf921,3
4f304426a,4
bf281b8fa,3
b16dba965,3
44628537b,1
7374f319a,3
071df417e,1
d53ea316a,1
bf891ac32,2
b272f26c6,2
daee1972e,2
95bbc65f6,1
7fb5023d8,3
3b5f2f125,2
0e872621f,1
a3b171296,3
752a1a18c,1
3ab9ccf3f,1
23da85fac,2
b3dd99379,4
f5d1813ff,2
b8b7d06cb,2
45a131ede,2
1a04cda8c,1
f52c95d2c,2
984f34ed9,4
657dd47b9,4
0202e369d,2
396043c96,4
d6e9cf916,4
f65775415,2
5b62428c3,1
db0b13cb7,1
2d240f34e,1
d55a67a7e,1
687bfc259,1
db9055b04,1
8f6b00483,1
7d876d3c3,1
aef0a0aa7,1
f4366cfe1,1
03f7fb1fa,1
090db750a,1
ca2c67435,1
615b85d67,2
2ef79eed5,3
21ff37b38,1
3655904e7,2
89768b0bd,4
a24f3eee2,3
09880b33d,2
ecd9d828a,4
4cc279010,4
9421f60d2,4
17061083d,2
f0cfb4db0,2
4b4526666,3
1c7c616d0,1
2adae9684,3
a6b8c7aec,3
3d79d76e8,3
ff346b081,3
e4841c6d1,2
50c107f65,2
d3f92b1f3,2
79d31978c,2
309bf264a,3
845e7bedd,1
60d3c8540,2
a8e125294,2
31ea2e325,3
af8fde324,1
78fee18df,4
f93fb4c78,3
449b0cbdc,1
d916630e2,2
fb9e2816e,4
82024fa6f,2
7a6ec5f00,1
c2dfd359d,3
cad532968,3
9d27240d6,2
6f8b49b5c,3
bdcfbb100,4
c18d26fd0,3
363393ea1,3
ca3b76f19,4
546e1662f,4
45fbdf598,3
6ab539629,2
82005ff6d,2
e9d55e2f5,2
4fe602d3b,2
a662b8475,2
429ea92dc,2
cfe2cc0bb,2
1af68dacf,3
9a7dd294a,3
a9308bb98,2
e14eb1464,2
1ffb9ee22,2
2339d5d2a,1
29a233127,1
02cd84980,1
0bd1d8774,2
095e18e76,1
1a6533e29,2
d44a3e48b,2
a2a9bec28,1
d7fd89f97,4
943a36544,3
5072ab216,2
072a60555,4
63d3e5796,4
12c7f2757,4
b2c048257,4
86d014881,4
a860f7899,2
36db59fdd,3
73aebc70d,4
a696db2dd,1
9a270dc0b,3
d14f3ea81,2
b6d205311,4
c3d1edd4c,2
c7419482c,4
f7b52585f,2
2dfda1590,2
6684d0e8b,3
51402e984,4
a06b365f7,4
9c24b555f,2
47783af41,1
f1b4f9645,4
abaef4874,3
c8c3d1078,4
375b35593,2
d2b9485a2,3
a26ed6e70,1
ee2461c25,1
b77a42c53,2
01cee484d,3
2f95a8889,4
7e02aefc6,2
5b95eda2e,4
d9d1604b6,1
6c4629a2b,3
5564d4498,2
e752e523a,4
9d86a9330,4
79b8302d3,3
d49b06c5c,3
c094d35b2,4
a00eb571f,1
ea5e28881,3
3210b7021,2
c7581c38a,2
6fc291dd4,2
0c9994b53,3
7abedded1,2
c23e38580,1
9f68dc94e,4
39da7d21b,0
303d1dd06,3
37d28023a,1
7297ad064,4
4888c9a95,2
189c9e043,2
0046c1710,2
9ce553cce,1
3256116b4,2
0df967bf0,3
ee0cce52f,3
d5418d677,4
be482bad4,1
cc30b7b6e,2
e110cef05,1
276502657,3
aaa37315a,3
712627ad2,2
c31e1903c,2
e86107083,1
4d9579477,2
78f1f4f34,2
1ea448905,1
5b220f7e5,1
f3014bfec,1
0481867bc,3
ea3303577,1
144c648d0,1
b175ced25,2
6197b35d6,1
28c072abd,2
6a251fbc2,4
fc910aaf4,4
b215ad7f8,2
27ac0cb65,1
5230f1d6b,4
6aaa1508c,2
ecbd9d882,4
90f7bf086,3
9d74613ad,4
cb1ba3eb0,1
34ed1c879,2
6f7493868,2
47e0cdabc,2
3d7e82fbf,1
bd72a44c5,2
0df18b80a,1
63b5d00c4,2
2f51cf46c,1
3e0869354,1
e10d5d816,1
a7a61f4b4,2
c7e8c55ad,2
e6ceef9a9,1
1be1f44d2,2
98965a8ca,4
f8cfa7a2a,3
180521248,2
926bc4e1d,3
6fca92b5e,2
ae621b654,1
95a255e5d,1
776fb2490,1
61e70239c,3
7aeef8c10,2
84da6b4d7,3
11ef08db7,2
ca90e2c2a,1
3ffea94eb,1
684f27e95,2
09bf3fb62,1
1787f2f57,2
7e9ba95b3,1
7f4d42de3,3
dce4f17c2,3
ea3eab2e2,2
f3ee98546,1
8825893db,2
922fd356a,3
4c278a44b,3
21978fa25,2
962bcd128,1
bcee5c144,1
9d11a4a38,1
4c81974c8,2
df479283a,1
c7817b7ee,2
98a400117,1
0a9415917,1
dee088bf0,4
d7d2fdb1a,1
4fa97b3af,2
5329930cf,2
5495304b4,1
70c6bc5b1,1
14dd58137,2
09db2f20d,2
0d98a0e83,2
aaea4d10c,3
4c83e77f6,2
415f25b76,4
1f8b516a9,1
3a6b18020,1
802f9642a,1
46d473bf7,2
ece479280,1
d95fa2b34,3
9bf5877a2,2
848fa385c,3
e53f94fb4,1
6b96f8571,1
340145963,1
4f7a1f872,2
131c729d0,2
1e8e7e65c,2
8f627a741,4
238ed0a35,2
63e065900,1
13f9e00f3,2
22a020959,4
3447d9114,4
8754a276f,4
b525245bd,4
9f8fe1af1,2
9fb2b4db5,3
8bfbd7b69,3
4144d4718,1
63b94fef6,3
4943a3a48,3
4bb3f423f,3
806ad8957,4
3b068ba06,1
d963353f6,1
b6ea6380f,2
d6b75044d,0
250c5cfcd,1
ed8da2273,1
1ee9de109,1
c5b9176e9,1
c0f4bc286,1
b12b6cf50,4
eaf16f627,2
af0e5e60a,3
de17d709b,2
7bd227a53,2
46601fffb,1
af4e4f8fb,2
dab61f2cf,1
ea779a645,1
c793fffea,3
5402bbe59,2
d6caaebfd,1
abda68a33,1
00e0930c4,2
29a5eb091,2
fb08ee2f6,1
3ea4848aa,3
0fd70f983,4
2e4f75534,1
418a0ea41,4
cb6c83a0a,4
7c1f57faa,2
ed4e735b0,0
0d7d7f712,2
85234cd2e,4
8d4dcfa93,3
aa6497a09,3
116315e5a,4
48066d4cd,2
7d5409bb5,1
27fa40a05,1
f19e5ce56,2
30dbf42ee,3
95258f027,4
485b3052e,2
bf64b3401,1
0dfb116fb,1
1d4075c43,2
ceb9b4b16,3
8fcc36325,1
64882d1ec,2
cd0c26c8f,1
cf785cd89,4
54ab8aa67,1
7093a3a67,1
7321efaf1,1
2c9962e2a,2
ea831dc57,1
3f9a6fa48,3
45ea36f32,4
581fe109e,1
d8f1c5205,2
e87a000de,4
f575cb059,1
0314b168e,4
4e5ad9284,1
879a0fae1,2
666509f94,1
a27b73e51,2
cfb29728e,2
b8505ba1a,2
b6d3f91b2,4
b0a2c5b80,2
4436b7779,1
3fe975c2f,1
cda48e23d,1
6695a0bac,2
70d5b3be8,1
b5ff4f756,2
871aa5484,1
0d9768943,0
b1dd712fc,2
ae049ae99,1
e949c7371,1
277205e57,2
cfaf07198,2
1bcd09e4b,1
f5083f7fe,2
57c9d6381,2
a44a7232c,3
48583780b,1
aa4a66ef5,1
2deabc510,1
85178a0fb,1
3e9399e9c,1
e5e56f69d,1
37f78704d,2
5e7474f56,1
9ca48c9c4,2
d9ec3d6d8,0
9358905bd,2
6648e6c41,1
a99c5e3e7,1
0c64cce50,1
488dee151,2
dcb662cb4,2
86793b19f,1
9c84ddcee,1
5b013f9ed,2
8c4dfaf4f,3
d35ec4641,4
e615362f2,3
c1f06c624,2
0612ce99b,2
0b7fab415,1
2070bc7bd,1
1a4ad3a67,1
3b5f2c890,1
73300df8f,1
740afa71d,2
be1f988f9,1
5f9ce427d,1
d50668735,1
e6a1a2a94,1
911342831,2
0f1be59d9,3
102cca700,1
894aee840,2
0e7b56e5b,1
c63fbaaca,1
a8c50f796,2
9cfd0650e,1
36fdbfbce,1
faf6042f4,4
40cd6dd65,4
37a1dfb06,4
db405b152,3
b87039d0c,4
e2380436e,3
7f5fbcda0,4
5b0f4aa5a,2
5d531952a,2
9734f7963,4
0a8ee347f,1
5f2057c11,1
20cb29e4c,1
9cd27ce00,1
4e1148452,2
ccf0155c5,1
a0fdf4a65,2
eb8f3ccae,3
8ce330947,4
f4ce91bef,4
3c077a77d,2
ff461932b,3
85e77fc90,1
32e78e555,3
6d0075d4a,2
4698456ad,2
6052e0e37,2
dd27f8382,1
b4bf00fd9,1
e54c14bfa,2
034427b35,3
9399a7585,4
c683e9060,4
873ccfb30,3
ff8479d08,2
0e1128fd7,1
a236d4f8c,1
198962e4e,3
b1c271aed,2
80d09d5a6,2
b559b1b6f,1
49bc1fb69,1
7305bf989,1
0948c5d05,2
fe70af98b,1
94ef54d3f,1
548dda704,3
e085c584a,3
0ceb5743a,1
c2730a86f,2
a27686ecc,3
7cf2dc7fa,1
635c67049,1
d61550faf,1
bea1e3a69,2
e69d57d0e,1
281760bbe,2
999095d3b,1
3bbb8a39c,4
c97c83a49,4
e184012d1,1
0ea2272a3,1
7931cfae9,1
7abb52209,1
b6da55f40,3
59d09726d,3
4990eaea8,3
110c341f5,3
8a732f9f7,4
7344a9f88,3
f3dd82f78,4
fe71692a8,2
63131551f,3
cdc6a4661,1
7ea3d5943,1
fc0cfc43b,3
3231b8f18,2
6bcde41ce,2
9d85a347f,3
fb32cc6b3,2
a31e1889c,1
73fd3bd55,2
addf306db,1
c00244181,1
96cd359eb,2
aa28d64fb,2
d6a2349a7,2
cd1b5a754,1
34e768a22,1
4625c5b7a,1
cab25bd07,3
6d27ffaa0,3
ed063f3e3,1
67debb1a8,2
67c750dcc,1
f787f9022,3
30917fcdb,2
9478f821c,2
58db99941,2
3c71e496e,2
360935609,1
38e72721a,2
7f9b5dd23,1
bdd762104,2
7d7e82533,2
70f2e32d5,1
9159ad1d7,2
702fcec8e,1
b80a7ef91,2
6ccbe85eb,1
4797ff3b2,1
324f1daa7,3
36ec9c045,2
1818c3d47,1
959f5fccc,1
fbd990f27,2
8fc438dae,3
4389c53a8,1
f0ac6037a,2
edfdafb9e,1
5a1472807,2
90a9be56d,1
b532f31ca,1
b529dbfb3,2
79c1a290f,3
6aad7bb32,2
8ad2cff58,2
ac8a06538,4
b8bf93ab1,3
1312ac06e,3
82a34c159,2
dbc64076d,1
57c53133e,3
dc9e6c9cf,3
58534e0c2,4
b36e7586c,3
a96220890,2
1742c791e,4
3abca6400,2
33ef951c2,4
96b2b1be2,3
ae5e09a05,3
6b95d510a,3
5af680876,3
b24eff5ba,2
7c93d708e,3
2261bb5bb,4
4c706f3ed,3
3ad251303,2
458f00e08,3
535be46e4,3
11f5d0e1f,3
08f7b1165,3
f7cbf3cec,3
593293367,2
c1ffb1e18,4
d1d3d1e6b,4
f4fab46a7,4
812b69698,1
ed3aa3db4,4
aa428552e,3
a3aac449f,4
da38b157d,1
8bbc48530,2
c621476ea,3
75e47802c,3
11c6383be,3
e1f5e56ca,2
dd78fd4e5,4
179a79e4d,1
e62192eea,1
91456c5a4,1
6987f1f6c,1
3ad2d5ac8,3
14b7b8704,2
4e89d7e90,4
93ce276e5,2
c3d394164,3
27f9bcb0e,3
d260006da,4
4fa0aebb0,3
5c6b6c6ab,3
22e3ea9f6,2
c2a862ba1,4
51231911c,1
344e96b6c,4
6cb05c2f4,1
0f546e207,1
6452c6e29,1
d0ef2bf5c,1
92fd65d9f,2
da4b54316,3
95d9c0d0a,3
d4b659ef6,3
fad8a5923,3
eb202445f,4
5523bad2c,2
44b20d6b7,3
831f7ee13,1
691ab8f2c,2
8680b9acc,1
fc95f7cfd,2
56b31dfc8,3
13b608198,4
d4ef988f6,4
97da53dfe,2
598901beb,4
0127736a6,4
c15d51573,3
91cc4107e,2
f02a8bc4d,3
98882017a,4
3f3e0d53d,4
401c536c1,1
a77e073a0,2
b39849240,1
3209d52d1,2
a0ec7cf40,4
8aff1201e,3
a12a10d00,4
668afb604,3
a16c6b680,4
b9ff42d12,3
a1ee4f201,3
50f9e8f17,3
f4c44b59d,3
cefb15d2c,3
907169c5b,4
b8f4c3c95,2
5707be9f3,4
5865981a4,2
cd5592936,2
924d44c8a,2
77345c2db,1
72b99e2ae,1
c9ce77a95,3
9d4b9930a,2
f21da20fc,4
28137846b,3
0cb3cbf77,3
f23f2db4b,4
bcc4aa3d9,4
4491de321,1
ea7598339,2
ad801a8ce,2
d5988d870,1
a5d86ea68,2
2e3449b33,4
f5d06788a,3
720eff32a,4
4af176d8e,3
2a17e8f4f,4
3b3a99a18,3
80c3d1f9f,3
3b5a83169,2
02b0f3446,2
fa9d9b93c,2
692d73b55,1
3319d440f,1
ba748f786,3
029bdf8bd,2
77e601459,1
12ec862f5,1
49e81cf20,1
551aca569,3
8377e3305,3
b259fdd5a,2
e831231c9,1
0645448d3,1
ce09f2bb1,1
584d32416,1
a7fd44d7d,1
d65a7de49,4
7a095d876,2
865e24ae0,4
a29f49d6c,2
199da5b6a,1
e33d26ad6,4
f2bab5d80,1
2104caaf9,3
de45fe798,3
e5e2873f1,4
f18291f39,3
646e56f49,4
666bd3fab,4
47eb6ee01,2
8976b7cf4,4
6dcde77ea,1
5e3e532b5,4
a98931539,4
1ffbf011b,4
c562855bc,4
a84af6ee2,4
6899a9e01,4
7776e2d5a,4
2452e35cf,4
f8bea5412,3
2ddb52b59,4
2b0a1a92f,3
b062268cf,3
e9f1cb6fc,4
84b75d037,4
890f524ea,4
abd7a3644,4
b7bb469a6,1
c73207e60,1
cf7f7519d,1
3491ab0f8,0
418e6c96e,1
2aace4809,1
966a52844,1
d476fb3d2,1
bf0f66c76,1
fc85482f3,1
c67ceb1a0,1
cdb61e4a0,1
9b8d83072,1
887f6ea41,1
5367dff7f,1
fa58c9482,2
17b6af953,4
d656d0310,1
a377f17dd,4
249937485,1
a069b68f4,4
5ae2c6586,3
520d525ff,4
3a15914ff,2
efabc5b4b,4
e99b5652d,4
04bde3a71,2
88305c625,2
53e099571,2
f257f7b7c,2
cdbe39dfe,2
9e561264d,4
67aff78fa,3
33d6da4b6,4
6f40a3c89,1
fc3c2dd1e,2
c1edd8a2f,2
e19863a14,4
492e3ceb1,4
9374ff179,3
fc8b748d4,4
939acc4e1,1
021a9de0e,4
94f6ffdc5,2
07b908a27,4
eca91551a,1
43345b4d1,1
e4e95454d,3
f4d2ef282,1
4e83295b8,3
38c6148a3,3
75b33cd1d,2
acd2a8c15,2
27f1ab010,2
61d424371,3
28d8df59e,1
9a22a83e2,3
08e23c102,2
623300e2f,2
5859b26d9,1
c3e040ffe,1
e93b2f0c5,1
c48a522b3,1
f68a1df39,2
8ba686c7e,2
f01c3bb35,1
ea929133b,1
c46cf28bb,4
4209fa995,0
7853f1e92,1
2a91e876f,2
d10df409c,1
ced9a6c48,2
cc00ec8af,1
b93342403,2
d36ee84f7,2
9524f76a9,4
b071e777a,2
c5d0607cb,2
6818b2d64,4
3b0903573,1
6f88e50dd,1
58bc50f1f,3
da5d53c00,3
ff6a36405,3
4030bbd83,3
472085bac,2
92ca39ce0,4
7fcd35630,3
709624933,3
d97764d17,3
1eea05736,4
1710b366c,4
c59084b7c,3
f5dbd310e,4
f939792e8,2
9d89b799b,3
1d02ad034,1
226380287,4
8a59526f6,1
249509f8a,1
3a673e7d7,2
db6e76992,1
e0289dee8,4
f5a8a54ce,1
648bd1c3d,1
e79df36a6,2
fcf7d8381,3
e1ce677f9,1
0cdef531a,2
381a60376,1
3d01f71e3,4
4839a3341,4
4dfef2414,4
61cbbdd94,4
f31b80761,3
2d3dc1e5f,2
ce5ac7852,3
77bbda99a,4
5e6b02a87,3
0b1b7aa36,4
4de594c69,4
38c3d8dfd,4
7de87b236,3
21b9aab99,4
be7a29ccd,4
4985e9abe,2
fb7bf0ca0,2
09d59aee2,2
4bb026f02,1
efbf3fdeb,3
a818819d5,3
65fc88ea0,4
42ec28f72,2
07c6aefa5,4
449cc4db2,1
5664dd8ba,3
0a3470446,4
0cab5ddae,4
ed4913e0c,4
40b697009,3
e19165754,4
56045ba61,3
fcb54a318,1
9f36f0f04,1
777d0efca,1
ae708432d,2
365206401,2
491c028ed,1
dada7fb95,1
3fd878e1e,1
219c41ecd,1
4832858f6,1
24e0c1639,1
27959c6c3,1
e8307f240,1
8805a8cdd,3
e9dc7be0a,1
9c140b105,2
9801f4683,4
62b8e9b2f,2
01875b8d3,1
9cb0fb630,2
8d676b37d,3
bc9558ff2,4
b6bb74e90,4
13344823a,4
2285258d2,3
d765b180a,4
35a056eee,4
65cd649d0,3
5ac03395e,4
88af72d1d,4
f78fbca66,3
1c094491f,2
e02a95978,4
b4be456cd,3
57782e75f,4
6211d8c3e,3
d24706633,4
a5ae6d01f,4
a3fec2010,2
4e69d6c1d,4
81fbbb6c1,3
4fa1c4bb3,2
19697ef26,4
0225d2093,1
f17310c7a,2
46213a698,1
501f25ca4,1
a2c13fe47,2
0e0017da1,1
5083eb734,2
3f570eddd,1
79b187ddd,2
d62daa8aa,2
1eff820fd,2
74c030e17,2
d79150217,1
3ea5eb51e,2
e5a74faf8,3
173f58d6d,3
1bb5c925f,1
a1e98773a,1
df62c69f8,1
a73b445eb,2
cd733bf3e,1
f5757f749,1
e8c3af611,3
5f02c5d6a,2
a04c20b92,2
053553ce4,4
079e8e5f9,4
543d9876c,4
f2ec4f702,4
89d0b4fb6,4
3ec60effa,3
f6558ec0c,3
564de5216,4
f1145e2cf,4
14f5b8bc9,3
d6cdc667d,3
f409d6a5e,4
e755eac8d,4
155a65f45,1
ec40f5094,3
e95209758,4
d81227440,4
8127fc86a,2
1035e7647,1
d1d41875b,0
c582aebc9,1
94f77f167,3
ad8988d66,3
cf92c9e53,4
06002068a,2
a59595a9c,1
3b1338c6a,1
008652963,4
ba782d334,1
f04a92a4a,1
2d7641a19,4
5484f83ae,4
87fe1190e,2
c34aee1b5,2
0cbeef62d,3
d2ef6b0ce,3
8ee0ff988,1
1d32fdfed,3
83c1393f0,2
9ff3e17f4,4
2bd19ee29,4
7dc269289,1
269c5b546,4
8782635cb,3
bc02cb144,4
18cacd57e,4
d9178e623,2
de2bc6e36,2
04bf94e58,1
c4e6813a0,2
e620584f0,3
6d3d182a0,2
81d8fd9e5,4
6c8c56c67,4
5d1837cd4,4
b2fa9e76b,4
b8a186468,4
97d1d73b3,4
5720aeff2,3
6b7d0706d,3
619796969,2
03154323c,2
150a5414c,4
8424fd925,3
da7325042,1
2def730d7,1
ef33e9e92,4
be0459ccd,2
8dc7050a9,3
8765b34f0,1
0d08cbd65,4
09bcbcc17,3
1956274ea,4
c8d83fb64,2
e1a495eab,3
c82b3dab0,2
16798ef33,4
0f7cc9fd2,4
0f9b5ff24,4
5e1e9c882,4
f08aa7ed0,4
501e6fe63,4
492eadc03,4
9363d667b,4
e25d4b735,2
c25ee1d60,3
6a0735a13,1
403526eb2,1
803d6cf84,3
61fdfed5d,2
7cf00baee,3
f23747800,4
17d68cef8,3
d1df0dad6,1
7fd12d3f2,3
6f9a671b4,4
e323527e0,3
0ce86c383,1
d099b1398,4
5d3bb458a,3
dbfefb3b3,3
97fe38408,2
b67e41f4e,2
6b21752ff,2
6180f6ea5,1
a6c057095,4
4606d080b,3
c5ae58b37,3
64b9f1fda,3
0dcc28c74,2
e2bf9f9d5,1
6007379d5,4
392549cdb,2
c196499ea,4
bb23a06ee,3
75de594dd,3
e88e25bc4,4
a37639b9c,4
adc1072a0,2
ad69768f2,1
31b2ab140,3
be78caa07,3
e58935876,3
f2847575d,4
f06c3f277,2
ed9df93fb,2
cf5e1dc3d,1
0bdba53ae,2
d8ce2e155,2
02b507e40,4
ad0caccc5,3
7d43db30b,4
d0a129570,4
604aa6cb8,1
d72c7293d,2
d6c907902,2
c081d3629,1
d2d8c78da,1
617d58794,4
264ad33c1,1
eb15fcf7b,4
f40eb5fc7,2
4fff73fbc,2
53ebc9425,1
26aa5370d,3
91d0fe78c,4
a317c7e9b,4
262be4911,4
51cacc4b8,4
96b4e9b27,3
26bf3371e,3
2fb04c8d1,2
8777d5920,4
a503f69fb,2
391c07663,0
55b816700,4
90161ee44,1
2f3988b4e,3
11e4b614f,4
c312136a2,1
e84dfb7e3,1
8a81178e7,2
1a44d4bd3,1
7a9e25e6d,2
c503574aa,4
ac3f4aec5,4
747bc9980,3
6be275cb4,2
d101f387b,3
c2acce386,4
265349cc8,3
f61d4e0ce,3
be3541c2b,4
780c51dfb,4
492d4d9d1,4
0d5b06046,3
a0b61a03d,3
a3276b6b0,2
656459c70,3
5000e7fbf,1
544ec9871,2
0b44f7b2d,3
6d274a559,2
794b6afa7,1
13921978d,2
3a28466a7,4
620cca3f1,3
eefa6bc4b,4
49f8c1385,3
e38d6e4f5,4
9722dfe17,1
6f5c2fe62,4
835330218,4
d860e093a,2
5f5e29352,4
83e0eec2c,3
dbe03d1b1,2
4a3e2c329,4
c4130437e,2
c27a59f51,3
21c450753,4
ebc4b3548,3
750acb170,2
9ba164213,1
6a06314ec,1
a794e3245,1
ade2c8e9b,4
895564503,3
3e2f3ee14,4
7db59afc0,3
af903aff1,4
6ebd84e06,1
65277b6d7,4
be561a907,4
2cebcd19e,2
68e9b12ba,2
738f6cf50,3
432d3c29e,2
82980ef15,2
1b848cdf5,4
f0d308e46,4
2cd5096a6,1
4c1e81d8d,1
395c4755a,3
81ac0fb65,4
e1f809f71,1
be046e917,2
e5c51e06f,0
890331874,1
a0f2f3a98,1
2525ffd0e,1
d9a7bd1ba,1
b712513e5,3
9ddc11ca4,1
3345f233a,1
34991b47d,1
50dd87537,3
eb137420e,3
df819f3ee,3
32452548d,4
1be31efce,3
b5011ed9a,2
97feb67a8,1
8cf4c5c06,3
3182e9bce,3
cfaf7de5e,1
89b4c43c5,2
ee44ef33e,2
819235a42,3
c4c19d43c,2
3b9687893,1
d7e104a48,4
ccd591803,2
f2a308ca0,1
377525d70,4
1e576f92e,2
696594a39,1
ba0ba7f44,2
1dd9721f2,1
666106b61,2
1d8495b98,1
2cbaca583,1
27f70f392,1
90680906b,3
94597d934,2
24c6b615e,2
4688625ef,2
d77ac5f93,2
063fa26e1,2
07dbb240c,2
3c2ce0ba9,2
1d1110e0f,3
9036318aa,4
9d410d32b,2
4404e872a,1
84dfe2c15,1
924619a26,1
84e1db7dc,4
d82750586,3
55ec0af11,3
2c21622cd,1
c1557abd9,1
7eaa87d85,1
edcd62673,1
af04c6a53,1
13d7443f3,3
b97e71736,2
cc16c57b1,3
cfe0aa64d,4
e00b300ac,1
1da2421c1,2
468df34cf,3
cd1449614,1
215444947,3
bec90a323,2
163dc4d89,2
3d1c9a9de,1
4bf987dd7,1
5a30e83b6,4
a1c4bafbc,1
9dcd790ba,3
e16ded132,4
64da5bdfb,2
728a8abbe,1
d33a513b9,1
d6cf66f88,2
909ec4551,3
6c36797ec,4
f4066f08f,3
c489b585f,3
dde64fc3c,3
716b775c5,2
8fb635a06,2
cdf9f66bb,4
ef4c0b081,4
bb183e8ff,1
6f517ca5c,4
1a5b2e7f5,4
5965402ba,3
f8ee69cf8,4
beebe07cc,3
85df22b65,3
b141470ba,1
b9ee7bf8d,1
a3bc7e59f,4
8738e190f,4
f90a6d4c4,4
a5dc0bbbc,4
b74bd3020,3
e031dc611,4
d0c8d7387,4
ca96fb21f,2
8c3162593,1
80e3af9d9,4
d350af949,4
bbd1d4ce0,3
089c12018,3
0a2e0e0f6,2
ce7e32055,3
af55ed15d,4
80ff8b48e,2
05edb2128,2
340ecb533,2
4eeb96cc3,2
fec4a755c,1
bad0fb576,1
9178579bd,2
6eabb467d,1
36fecc4c9,3
4a96d8135,2
85b473fcb,1
e2f1962cc,2
1a040afde,3
03dbbabb2,4
acdaee1fe,4
8104be332,2
561d58f66,1
993049fd6,2
d7e70c440,1
ec5797f90,1
516f90e93,1
690709a80,2
6a7859258,1
167b39378,2
4e0c8b399,4
343110be1,1
204635b74,4
b6cdfd1b6,4
e149de7e6,3
b5834d69d,2
239662051,4
82647c4d2,3
4978f1572,2
bacd8d370,1
c7fad571c,1
98b83f118,1
5c7ddb10a,1
3ea191921,1
f9a8bc654,1
48b0b3d3e,4
560fc0423,4
e5a2f7610,4
fb3d8e662,2
c480e2beb,2
53dd0049b,3
52d662dee,1
6c5a4b9c4,1
c1a7655c8,4
a393ed091,4
573c578d0,4
45844321f,3
cb3a64f64,1
4df68f4e9,1
db3963f04,1
df9e82f13,2
6c1e84b70,1
001d503e8,4
3bd285147,4
120cbcd94,4
a3cabb21c,4
16c22e266,3
6c503f822,3
6e58b7b25,2
488b3d3c9,3
2d93f0bcd,4
74ede439f,3
74c6bc410,2
7957d3691,2
07136908b,2
ba057ca1c,2
d6da01c6b,4
4f9bca7e9,4
b0f6117c2,2
a0011c6eb,2
860344fde,4
bb888acad,2
eeaa62643,3
24f3cf2a0,3
0764a7eac,4
4082723d5,3
61a560fa2,2
90c076d07,4
d77000c72,4
ae418e62b,3
90d28943c,4
13ea5fd8d,4
8c296fe1e,3
1bbcdf7a8,4
0484a5ca3,3
b3bbe5f53,3
bb92a7567,4
ab2f40da8,2
1a778db04,4
a69bcb570,3
0fc9527f4,3
782e979b9,2
884dd8f25,2
5b211451b,4
70b11a7df,4
43f1d89d3,4
049e36678,3
9f61094e3,4
1f69be259,4
8b9f17174,4
aae936b8e,3
e90037f58,2
c559c6127,4
b65d0a984,3
6d4b0c3fe,3
b4c43aecc,3
adab615b2,4
74d3658c4,2
1fb9dbf3a,2
da4c16351,1
ed3c0df6b,2
f77ba9bda,2
dc3e4941b,2
ac67e44d0,4
1e2de68b7,1
9394c8f0e,3
66b44fdb3,4
ebbee9521,2
2fbc547de,1
938349c86,2
9657c7cbe,2
2ba214359,4
dfb9314ad,2
0551cb75a,3
bec357108,4
f8fba9187,1
8a043e726,3
734a6d4dd,1
e3eb4f930,4
d32369074,4
c86a2a0a1,1
c27d5330d,4
fee53d60d,4
47b7eb84b,4
355ad26e3,3
0c9d49657,2
751d8b175,3
74670724a,3
cc22b55f9,1
80b634cac,4
b1abcbcf2,3
72640001c,4
dbf9cb69f,4
8f1e51824,3
f7d08e1c3,2
3a7672d05,1
810d4289b,2
109163b2b,3
cea1e7845,4
2a9c5eab2,4
2b2a7ea83,2
1ea0c2a00,1
c24f53ec1,2
a2bdcdf43,4
93bfe3b45,2
a81c4083a,1
d1405c482,1
da68d90bc,1
430c7ea97,3
e0e62dbf1,3
615069b7a,2
a94f82184,1
bc85444e9,2
285806a87,3
c4431962f,1
9ab85d40c,4
c4c846cc5,4
7d8a1df6a,2
17166b40d,2
13f4f8d56,4
12dc0e350,1
5a6f06939,1
cfab64c1f,1
9090dfe7e,2
cdd0834a9,3
3b54d2ff0,0
ca093707c,4
450f42a03,4
d8d8cdf8a,3
6f57a612f,2
ce81260f8,2
f2695ba4e,3
c2bde6c93,2
623593736,2
4ecc7b377,2
a8eb87a19,2
44fbf0b84,1
095faabaa,1
f2184d6e6,2
196f254f3,3
f8110e44e,4
626f21a1e,0
7ae197acc,4
6fc48261b,2
015908ecd,3
095af2118,4
464155b72,1
b19ca2e62,4
569399673,3
6e388ef09,1
8a0a39ae9,4
08ae3eed1,4
9c05b8a69,3
1e699664a,4
b9ff9ae11,2
4d14064e1,3
e469320e2,3
a893ddc9e,4
9b47ee109,2
bcb1ab1be,2
7e3b71ed7,1
0f4cc4df3,4
bef4865b7,4
ffb1e35e1,3
640d9a19f,1
d7dccc77b,1
048e1abc5,3
8f2f6c34c,3
d1bf21817,2
dfc29cb25,2
1c3eaf19f,1
f6cd9f56b,4
b0a668568,4
23909197e,4
82a8df609,4
314154cb7,2
8b11bd238,3
52efba7a7,0
cf125d1f6,2
d63a6beee,4
1e46578c9,1
2b61cadd0,4
340889612,4
5b99137ac,3
eb94e7e3f,0
ddc357f3f,1
b588edd6b,4
452addaa7,4
8d0e4ce0b,4
23b2aa9f4,4
191edbe3b,4
4893339da,2
34deef477,3
8d0971a45,2
e9cdfb442,2
d3b88d06d,1
0b2f6de07,2
4dd4ef76e,1
868a6b282,2
3e8500c2a,4
fd9b5220d,3
82ef0904a,4
f8bf1f182,3
23a6650c4,3
5c5189b56,3
e7512e549,1
b450df98d,4
e4bfe1a51,4
ca35dcf38,2
6af25b653,4
dd74fd4b4,1
e73771274,4
91c55d736,4
a66cf0ee6,4
1961d814a,4
8a154135a,3
d5bebff81,3
054095655,2
8f9f7d3bf,4
ee8197788,2
27a5c14a3,3
4a628d5ea,3
0e4eb6bed,1
ba7974eea,2
e7c1f4c71,2
280a19fde,1
6742b2f4c,2
2c840da5c,2
4dc8a3de6,2
7e7eb03c8,3
63abb7d89,1
e853ed0d4,2
14aea25a8,1
52203fcdd,2
c91979f9d,3
6ef2a9710,4
a8ac8b270,1
9303a5a96,1
f0c4bdaa5,1
bb7a0dfd8,1
adb569968,1
5faac2a37,4
420faace4,3
78eb1ff40,3
f8aed2e9a,2
f151b8040,1
f3e8d96d8,2
421c20853,3
4dd31f93d,3
c4aa1d0ef,1
0de1a6efe,2
c250a6441,1
9843bb7d5,3
bde4e196d,3
37a3ca9d9,4
ccd3bd37b,1
3ca634c68,1
511351d55,4
8d9239735,2
deeab0fc5,2
5fbd4aa53,1
814e4dfce,1
91c57560a,4
5bc91f92b,4
5cad62f10,4
d3f0d7228,1
e85bfa7cb,1
9e3c82b5a,1
8eedeb405,3
fc428902e,2
baae8f4bb,3
dd3b0c971,4
50ae487fc,4
634a2d6ed,4
5aacfa367,1
4240ae918,1
e2de606a0,4
2ebcb2e02,3
9911add5b,4
4d0bf11c5,3
4f46a02af,3
d5816f5e7,1
c2224af98,3
a33c493e0,4
cc5ebb4b4,2
bbdd7b4f3,3
158676d7c,4
3d4f0fdfa,3
d58bbc78f,4
9fa384850,1
7112385de,2
18900149e,3
c8c7c7ee4,4
28325b3d5,1
5604b1b4b,1
a7900f4ec,1
c12240672,1
7ed005178,4
fe8797927,1
fe38d5ffc,2
8236e216c,3
fec5d79d0,1
78e4fc283,2
361f3f278,4
2ae6cda7d,3
5f1ddbd0e,1
d689e43d3,4
501c6fe9d,2
da9bfaabc,4
2bf80cc03,2
97eca3abc,4
eb34642e2,1
8a369e08c,4
6e72dafda,1
169a47ceb,1
28ebbe75c,2
cf019d00f,1
b1a73b0b5,4
26645d7da,4
6cf10fb6e,4
318800c44,1
a90798045,3
f23b5b477,2
2ee1902e6,3
21b47468d,4
89c864b4c,1
9595e492d,3
159a08149,2
45b43d15c,2
44405c1c2,1
a9ec7f379,4
191ab1abf,3
81cf77a54,2
78fe45793,2
9b01619e1,4
cd9f0fa1b,3
1ed6caed2,1
5de46abf2,1
939027417,4
b9c01e7c7,4
fd56d5adf,4
c310dc8e3,3
a5c3f9153,3
a2d789b33,1
caa619b24,2
63373bde2,3
7da0b6748,4
6f01fa715,3
cf823fe95,1
c9456de8d,4
e2f74b914,1
9751c20f0,4
5ff8d0fee,3
f3ca28aa1,3
be1caa2d1,4
0d882a77c,4
2ca54759a,3
79304a92a,4
fd86921f6,4
e03bc04cc,2
a8967b31e,4
e4e371d1c,4
8e5b5c870,2
b5c68765f,4
ea9a1ee5c,2
7d7bd1619,3
72d018a35,1
14bcc4bbc,3
8402edce8,2
dabf95220,4
5aa096eb1,4
3eed772b3,4
3bbb69d2e,1
f1d3cf2ab,2
3d042de99,2
4083b5e8c,4
5f4c80ffd,4
36d94f9cb,4
feceba12b,2
922418176,1
73f415b05,2
55f4b8bce,1
6132d96a4,1
716cb539f,2
527395d87,2
34c8e456b,2
5fcd4c375,4
647e1be95,4
62fa55a91,3
ca3eb54e1,2
6b05a04d2,4
e6e981d78,1
8778a9795,1
d2f3e3e49,1
58c0aa81a,4
8f1e6e6c2,2
88a0b1238,3
8757bc681,2
48a067308,1
ccba2b8d1,4
d56dc92cd,3
fe5560b70,3
99bc2a7a1,2
5c12667cf,1
5d29f2f11,1
810167339,4
52a0a3cec,4
31fd29beb,4
eb6c41d6e,2
3ee57f395,4
eeff4034c,4
d57da0106,2
570c5ffad,1
19d84f9de,1
12b8e4da6,2
e739d7511,2
8ae52d40c,1
a2f165942,1
a3b0f3b7b,3
492709e57,4
c67b5c182,4
9eb87edab,4
d7432fac3,4
7031a5cda,3
8e6725dbc,4
3fd732fc4,4
9f033fb12,1
d5fe28556,3
deb592585,2
8a356cba8,3
67832af51,4
f78d67427,3
41eeba049,2
030068497,2
5bee7560b,4
d5d923c09,1
e65dc3c7f,1
c6b44f4a6,0
7c733881a,4
9860ed0b0,4
3cf371788,3
2a9eb32cd,4
ba1065a24,4
133cd6876,1
0e8e7640e,1
8b994fc99,4
90dc5236b,4
bc8cea83b,3
eedb57cd6,2
963ca7ec8,3
bc2272277,3
61217d1da,4
0dbe0a1e0,4
294c406a4,3
e433950d6,4
98b106dc9,2
3faa593ae,4
d501b2fa5,3
b9bd43ed9,4
a74808fe4,4
780a11e8d,3
663a6ad3a,4
780bc6ac8,4
43c4e22f0,4
9854d0dbc,2
48c6e1680,3
077883558,3
bdaa4e12c,4
858cb8fb2,3
1854cbe64,2
301987149,3
7545c106f,4
a24483828,3
5509758d7,1
047a3dc86,1
8075da3a6,4
56400fc6d,4
e4d63203c,3
0cf8ab092,4
b5cd50120,3
8473ea25a,4
ff4bad8b2,4
4f11633ff,1
e6b83f75f,3
51147d230,1
e929b302a,1
3a6f2ca7c,1
be490ac3d,3
0111099f8,4
b1b29893c,3
15c078a1d,4
2204006b0,4
abec498d8,2
627896ec6,2
160605a86,3
71d223ded,2
c871ea250,1
68fcb36db,3
4e68b3f75,3
c162b0da6,2
0c8374d8c,4
6f417401b,4
bc3eea132,2
b7de115e8,2
96ac73ad0,3
2deb7e923,2
1ec864536,4
6e207f192,2
99898aa3a,2
4a6c731d1,1
52eb2a1c5,2
e1b1b7248,1
4b45e3d52,1
769c05615,2
4a79d0950,4
a3ccc451e,4
53d3d6316,4
4c93e6f35,4
ad8fed7c3,3
f3541b1bc,2
46b61a2d2,4
ba7801d57,2
89912005b,3
22292c841,4
bc06d9ea5,3
e29dc89da,4
0575615fd,3
9883ba0a6,4
cb6f9335a,4
eb5a2cfc5,2
a4d1de41c,4
b63a8ba44,3
bc5944086,4
ff1572529,4
58af165cd,2
dcf9473c1,1
a2a734348,4
630891c65,4
2e81f8cef,4
508811830,3
3d815b4bc,3
9a8ca9c92,4
5964afef8,3
cd802e76d,2
cc0b7f03c,1
681e534db,1
9406dfde7,1
a2f0eeabd,4
2fa420bfe,4
59f99eb7b,3
e2d8f6d49,4
4fdf852e8,3
72943b6ca,2
fc5485a38,3
f897ce4ca,3
33a84e982,2
9d437314b,2
0da144b18,2
b30881bd3,2
33c3cb115,1
2eb02905b,2
707656d7f,2
e49499be8,1
8a2040751,1
82cb3eb59,2
6b467cb2c,4
775496f57,2
144e57740,3
1a5f780f3,2
40116a9e7,3
fe1e4e8fa,4
5d3a4b13e,2
4ca157452,2
a0367f7e0,3
50a4dfde7,2
ed577f8ab,2
1b5c4d501,3
b73ee88dc,3
b250f4035,2
b149e391c,4
2098c5f0f,4
ce31622c6,4
38e9f3adf,4
81a0ebc2d,1
426f88f29,3
8d63ab362,4
1e6db8eed,1
519e13c1d,1
d1e418fba,4
a67b605e2,4
b9e9b509b,4
934b61e2c,2
2e050c364,3
03dcdcd53,2
38ca1a419,4
e5a2705ee,2
864d55acb,2
86b85538f,2
1456605ea,2
770645378,3
56a14ce4e,1
1f45ecd7f,4
1dc9e73c9,3
4e1661dc2,2
4978f492e,4
824f345bc,4
0c6769645,4
0a7828493,1
b6f3c32c8,2
d884d352e,4
f03f3659d,4
e4027ba6e,4
07e70b072,4
cdc0bf103,4
68a9559ab,4
18421f390,4
1c4a812ae,4
9215a884c,4
63acf4157,3
d7c965c59,2
7e391e8db,2
dcb579a64,2
5c6f6badd,4
8e52286c5,2
aa1f77b38,3
7ad5a3645,1
5e7916308,3
6250e5e1f,4
33afc5ea7,4
1c99fc32d,2
2c7904769,2
3bb3c3f41,4
fc8281dd8,3
f60dfc2a2,2
d0120359f,2
403c6cb85,2
07d914139,4
924323d36,3
9576d6820,2
3c7106b78,1
b0a509d5a,2
43a02bfb3,1
635d7d444,2
59898b90b,4
d5f80ffa1,4
bab6d2bbc,4
1145e3572,4
310e11cd8,4
1f7f25cfe,4
53ba70fc9,3
034770757,2
ff736aed4,4
52d52114a,1
b2ba57174,4
b452fcedc,3
8a28ff135,4
224754b26,2
d9801429b,3
f79ecce0a,2
d949d3c85,3
26c978408,3
29558e678,2
c68267a21,2
5037b355a,2
6fd6bbbac,2
1e1acbecb,3
24387278f,3
eab678e04,1
7698dd2f8,1
86c35d610,2
d5c8e8f95,4
40b28c8b2,2
13b5d77c9,2
0c4c94d92,2
80e71a429,4
0871b29c7,3
737963888,4
83e756b85,1
eaf4ce405,3
3bb5701db,1
bb88016dc,1
1edeefc59,1
4d3d5de63,2
bed0a2dd0,3
5c11b7b71,3
771236ce1,2
199ae3a3d,4
609a19425,4
c3979d74c,2
a3c11ffc0,2
5f484ce83,4
d5dc8e2ed,2
b5a3de47a,3
22bc7ce02,4
1d6e5cf3a,4
7a2f298b1,3
cddfc651c,2
f40103c83,3
410a26705,4
71f7faec1,2
8996af30b,2
40317cc21,3
5e8ae0408,3
d6caa6c1b,2
3c3b8f720,4
66ee92015,4
0d23ebf62,4
f308d84f9,4
a83316db9,4
4ec74bd2a,3
1fe6926c9,3
6cd08f9e5,3
8fab79bce,2
6bb0867d2,4
af5663a50,2
9b72b6259,1
414d8071a,4
2832e999c,4
14dac66d4,1
0723c702f,4
d8a5cbf50,4
7e53fa3c8,1
ac8a6d6b4,3
46b72a554,4
abad54d9e,4
dc799e6cf,4
66e380876,4
c9beb51d4,2
adbb5691b,4
ddff16456,4
34b07073e,2
faa44e335,4
6aee6ba64,3
ce6d26ea8,4
bf7468418,4
95d3eeb89,4
07cec96ed,3
3e5f1ed95,4
2fb2b5440,4
0e1afcba3,4
a66fac828,4
68a455136,2
b8cee8864,4
f0f332a40,4
d143d39b7,1
9f6c09778,2
ea90f4eac,2
1763f6e8c,3
32b0f73c8,1
8a44d1d0a,3
4c144f0ed,3
cec32d2d9,3
ce08bf758,1
2ce451b02,2
35ec1a697,4
9918c8c44,2
8e927101b,1
e71ce9398,1
3701826a8,4
0646fb6ba,3
e394a70d8,3
88439d7b0,1
83ba40cc6,1
f720565e5,4
590738ca0,2
f6a6a9309,4
7b709929f,2
a6f5db120,2
c9bfae3ca,2
592ff368f,1
614b290f5,1
fc5e93ddb,4
ed7eb98b9,1
9df6e927c,1
b8d8b2272,3
9c60c63f6,4
01f72959d,3
7c4c942d5,4
b37fc7248,3
599b33066,3
d5f7c611a,4
fd3d262c3,4
1bfd3fba3,2
5d9384a34,1
cbb603649,1
c2f964b3b,2
d5681d2c3,2
47536cf31,1
ae4274dd6,1
38cbd55e5,1
aff0a8156,4
42b588455,2
2136ab169,4
8bc88a336,3
559ae5667,1
e881219a0,4
b5f9c95df,2
48fe551df,4
d4bae51c9,1
015f125b8,2
3a97ac75e,4
ad3449695,1
0fd8e26c1,4
b77bebe5f,3
90d66cd6f,4
c306658fe,4
b94aa2e66,3
59680597d,3
498d70ca1,1
f931a3552,4
08daae591,0
dc4502e25,1
bfa7ed240,1
7c2b48d5f,4
23f8bb18e,3
892a5ed54,3
2b880dfcb,3
974688435,3
26b149a77,4
3d1a0b636,4
2c416fcef,4
cfa1588e2,4
584042e9e,4
493d668ba,2
a4c5e45dd,1
f192616ce,1
76e0bf879,2
1d0223148,4
0b9384acf,4
6e3e2b85a,2
4509290d7,1
d147d16ec,4
082126600,3
569798535,3
47aab029b,1
5e3011a62,4
559917f5c,4
02ffbb348,4
0a5129c92,4
60d8c1fa7,3
20671ca51,2
bede60795,4
e126dcb77,3
470343a04,3
12044707c,1
c09a0a00a,2
421becb27,1
aa22c1563,2
166503620,2
618dced8e,3
419d49119,2
ffa86db9e,4
4b14cca25,2
5c55a78e2,2
caacbd257,1
7e7d7f1c5,1
e3865d96b,1
63d17a5ad,2
3ccddbba4,2
180d75114,4
3e385e1b1,1
42635012f,1
5a951896b,4
c017a7d6b,3
5f3432403,2
03d14e004,4
f1101a527,3
db74e1329,4
0131eb078,1
df17fad20,3
44bf31aa6,4
a987ee384,2
fe9b945ae,3
7600dfada,1
cbfa8bcdd,1
270ca7309,3
16a43d1b1,2
87a8c0f0d,4
33dfbe188,4
22f85ea8e,4
e5d02f315,3
09ba96bf0,4
c572d623d,3
882c038e7,1
973194dde,2
1061d324a,1
597788b4b,4
182e0e5dd,1
0536a14c0,3
66e113c05,3
650de5c52,2
d74e047bd,1
cd2f4f5bd,2
35c9317ff,3
a6b832cfa,4
b2f3be45e,4
f0a7c0b14,2
4228045ee,1
1e3566cbe,4
398fec4a3,4
c15e547dd,4
f55332756,1
f6b4d4405,3
3d6a0b6ce,2
ae49cb15f,1
71d2e9e25,2
2d10f326a,3
dedc72b5b,2
a83818789,2
fdfcd1023,2
62f7be1c8,1
fad624d4f,2
e840929be,2
4c506cf99,4
89a97a4bb,1
b5f30bff1,2
84c0efa46,3
e8ab2aa85,3
45bd144f5,1
608e5b66b,3
672ebfd9a,4
fd1ff90f8,4
d3f554d71,4
a63706726,1
3e636c3d2,2
2366fd140,4
7e46d59c8,2
d6efb85e9,2
9d28f0f59,1
b17afb2eb,4
5ec5914e5,2
4432db7d3,4
ce5cfac06,3
ffd4fe065,3
ee1ddf5ce,4
679286002,4
073568cc5,3
02519d368,3
b7ae6b9cd,3
416bfd3dd,3
d2284ec25,4
e543bc19c,1
c82ba5889,2
cd7fcad63,2
49d4e21de,2
b5ecc08d6,2
22e87dca2,3
c692d4b45,3
edc153713,4
a30967d48,2
3603eacf0,3
600c7d1e2,3
e2b2cad49,1
122e7c0c2,2
b2b54fce7,3
c720115fe,3
02b1ab523,4
47bfcd3cc,4
2c5ee0b49,4
ebdcc42bd,4
17a5bece9,4
45e7776e1,4
dcbb918b4,3
25baf7a8d,1
600e0fb89,3
cfc94da9a,4
69baefa84,4
3cdb1a596,4
2a029afbe,4
418ea400f,2
49157aaac,1
cf0d70718,1
23a703329,4
85426f467,4
ab6048c53,4
f5ad400b7,4
ff903e52b,2
498106649,4
418700d53,3
3360d56c0,4
9a047f96b,4
06a470022,4
5344ddf4e,1
dcbe7cae8,1
bcda27f26,2
2b01a74a9,3
1e0e21059,2
b80dfae6a,2
bc05ab361,2
8459f4707,3
d12b4fe19,4
4b96e341f,2
e1180bfcd,3
9e51a9790,4
b029230e4,3
8a1bc271c,1
5ad9b6f0c,2
610788182,1
ee4325d84,1
f21c317cf,4
2abba8c6c,3
2954b46c4,1
a0b6f1501,4
8d0e790e5,1
399fa2574,4
9967c6cb6,4
a182511f2,3
51a13610e,2
19c7e095c,3
73961a218,2
2e979fe49,2
83eab3ce0,4
f223cd020,3
39ee807be,2
3010871b7,4
46e92f631,2
1706cbafe,4
f640756a4,4
50066d150,4
f116c92af,3
378d73716,2
827daf042,3
ad59fc7a0,3
26de61f1f,4
d784f7fd2,4
0c9476c38,3
b32194b94,1
8c2f1d851,4
147191c1a,3
af032a52a,4
d97b2d534,4
40873dcd6,4
c1509a54e,4
4864eb58c,2
b4b9b0153,3
cd08d8571,4
cda7cd580,3
519a6e4c4,2
234c7884f,2
6c7675e86,1
847717f72,2
491b8c806,1
0ad57c36f,4
c0ae23371,2
1361c6788,1
11f0ed3d3,2
d3cf5146b,4
0fcb4800e,3
5a7197211,3
fc21aa84c,1
869c9f3a4,2
90c2e8a86,4
13922dcc9,2
86c5aed68,3
48ec0107d,4
5892f955a,3
2e200d64f,4
efd268250,4
bce8d916d,2
bfe1af332,3
d4032d9a3,1
7204f7890,4
54188270d,1
8b6c7ef38,1
387c23325,2
3de179c07,1
7ad9d255c,4
d6ed5dfec,4
3cab9e59f,4
27d4ec9c7,4
5190cd079,3
6ec65e11d,4
dcc8ba1a0,1
68a7182fb,4
b2686029e,2
34feb9441,4
089ed3836,2
4e3b3c58c,4
1ef0e1d49,1
da6b36177,1
60036f876,4
74c8c6941,1
b749ed372,2
cf057b203,2
2e2c61226,2
aa6b3dcee,4
733a5cf62,4
66f86bfc6,1
0505896da,3
78624b4a6,3
a8c8aed05,4
7e520dca0,4
f072baaae,3
32288dcdb,2
bcd947bb6,3
66b38c4a7,2
b22b2c9ae,4
f147e61ee,1
78dcff888,1
5b3a46aef,4
8808ae25a,1
ad84ef170,2
aec383ae4,4
d0b1c9032,4
901fd9c6d,1
97d5ad3c9,2
35fb4b52a,4
a1713b945,4
d3600fbb5,3
b8f18c8ee,2
170e3f54b,3
fe7acc3a4,3
89c7a954b,3
cf162fcc3,4
ae7fee136,4
c2df334d9,4
7d7e41466,4
bd60fa3e1,4
49ba38c83,3
02c7507b0,4
6d2a3b9c3,4
68de9202c,3
f382426dc,1
bc4a10a21,4
b108f718e,1
8fe4353c3,2
cc1d53892,1
cbbb7f5c6,4
cd457aba8,1
274583307,4
a7d15b9c4,3
6446390b9,3
09a0af133,1
12049565b,1
5191cb99d,2
c6d749ab2,3
3427a70d0,3
81816952b,3
3d2e660fb,4
d12e91a45,4
d1b426458,3
62173a996,3
22e3c334e,1
96d7cffab,2
322182861,2
6aadea6a0,4
cbde71ab6,4
cebf7bb09,4
4fb937efc,2
970f45412,2
6b0c2cccf,2
18728cb17,4
b2ee9c7b7,1
f573a5446,1
636f53bb7,3
5ee29107f,4
1b28b1fdf,1
ecf8b957a,3
d460338fe,2
88a4aad35,2
b681b66c6,3
30a693a7d,4
a0c8140f5,4
3057d4d49,1
4d632070a,4
ca5f98a97,1
22a94e714,4
fca822dd6,4
94eab2b21,3
36afecaab,2
517f2a2f5,3
732202694,2
59f3943d5,3
d34c5122b,3
3abe49dd7,4
c5ab0b9af,4
dc0d4f14a,2
ead8e4c7d,4
9dd6d4d6b,4
f64be1c78,2
85f9f0467,4
9a77b0cef,2
c1887daf8,2
3a950c0ed,1
17d350878,2
5c565177c,4
4779d1360,4
e3d2448a9,4
c4c74a141,4
237231bc6,4
e44119a49,4
2fc95bdf0,4
2d11c301e,4
ac47a02cd,4
507922ae4,2
4a983bae4,4
3a9c20f49,1
e950e95ac,2
ebb95545d,4
f2d9c8306,4
12cc48715,1
c76364116,1
5a2783ea4,4
1540b97a6,2
7740a0272,1
7d8a249bf,4
629a4e6fd,4
3712f20d5,4
451f12bac,3
515863340,4
305d685bf,1
74ee75020,4
634ae6954,2
7a0832e2c,4
065d6994c,2
ffe2d8e81,3
ebac08276,2
5148edd39,1
f85b86356,2
c56bbf410,4
b83351b7b,4
4abffeca5,4
c7dec8dc7,3
92bd6899e,1
c86d01c1f,3
664f1e2fc,4
e2c7d7c0a,2
f15762b6a,3
70acc40a4,4
0ddc7d3ac,4
035582f8f,1
84b14662a,3
1b8d3ff56,4
a0591aa18,4
60a3481ec,4
031da46f7,4
dbd702a56,3
e2489b317,4
4c98ba1e5,4
be27a9e19,4
3cbb1c0f7,1
a28594c46,4
001ec8d5b,4
23118a766,2
1333e803a,2
65ec259b0,3
ee397e714,3
c0c98962b,4
028c68583,4
db34d666a,3
86fc61089,4
3f86154cf,3
d35231e5a,4
629fe6dff,4
fe0531700,4
4bbaa98d6,4
7b3ab3ad4,1
5d9a28223,3
8255e2fa2,2
ee9c002d6,2
004682b50,4
badf057cb,2
759dfb282,4
3f6fcc67e,1
4b5d368ca,1
31f9fa1e0,4
452d9758d,4
e29b59239,4
cd8a82b97,3
e3ca4f2d0,2
17a021ba4,4
ec490205b,3
7c5988282,1
053205cfa,3
ea466e975,3
8661faa01,4
5c253db79,4
b49f9924c,2
7829548b7,3
4b063107f,4
365fb3a96,2
e65540b4f,1
3a60ba6dc,4
fc1b8a4f0,4
1c11185f4,4
72dabb7a1,4
548f0e9c6,4
8c9bdff8c,4
042d0d192,3
5232fd036,4
1ec422aae,4
76dfac4a1,4
dabe705dc,4
5946a80c6,4
4311ab46a,3
bf3f3d3a5,2
1503a77d2,4
b7d73e11a,3
e3040d73f,2
919d37b36,4
fe099f48b,4
05257447c,4
f4c33173e,2
ae94db5ca,4
32b44785c,1
c16d1cce2,4
729abd2f2,2
4fab97693,3
81d9e0ce1,4
42c2bce02,4
e122e5cab,4
ab274b176,1
975298673,3
499909f04,3
71b1e25bb,4
0be96ad8b,4
f2ad92283,4
a3aa0993b,4
511f1a6db,2
6834e2da3,4
d6e620f87,4
3a0d5f49d,2
906573861,2
0ccf2fecc,2
8cca8236b,1
f8aa09ab4,4
a4849f4f0,4
1b143c468,1
af2bf2c48,2
f0a6b590b,3
b88e57980,4
e6342c172,4
60d52c67a,4
1adf16bff,3
8affd8298,1
bf43c64b8,2
40213b255,4
1bf5096b7,1
914f2de70,2
fd262420a,2
ba6cbb3b9,1
60dc7a869,4
cb4fb933f,4
eaab0dc4f,3
560a38b5c,2
61453c43e,3
cabaf8033,3
065367f09,2
1e55008d0,1
d7655dc4b,4
74bf493b5,4
44f54a0a9,3
94ff23a43,2
f872210bb,4
846937574,2
a1eddc185,2
dd1812b4c,3
2f49a3373,4
a6bb2a0f5,3
9677159a5,3
5358914db,4
826e7fede,4
11b859665,2
b5a5ec644,1
73c83dc73,3
dfa0ff644,2
5a67c3ceb,2
a49f5a481,4
dc64dc5f4,2
577126f85,3
2f0c29529,3
6790b71f2,4
e876c142c,4
08ba5ce13,4
7bec80b02,4
fb6fbaa05,4
0a44cc8ba,3
9cb0c885e,2
3245790c7,4
d77d11ccd,2
e3aa17a53,4
27bf5c8f8,4
860591c44,3
61fe0f6f7,4
13fe509ca,4
7d3ce3195,4
1572bf9cc,4
b72537712,2
3d20d52f1,3
7999ea5fe,2
cabbe9d14,1
111f4f6ed,1
800ca542b,4
1badb11f5,3
5b3151e25,4
d51ba0fce,4
4eb926dde,3
89815c687,1
e87b4fdbc,2
8d7f3f71c,4
45c8f591d,3
9b1035016,1
7d50924c3,1
409b92edb,4
5f75c7083,4
132916303,3
b8bea2c62,2
ef306b0f9,2
1ff198b2c,1
06983c308,4
23f664cf6,4
4d932ca97,3
41814d501,4
6bcb7ed25,2
8650fce42,4
b4b7512ad,4
31ed5d5ec,4
4586798a6,1
e5ec7709d,2
fa0b958ae,4
85fda19ab,4
d6a2fa83e,4
08f25f7da,1
a159e317f,2
09582e51b,3
0c9cc3c3d,3
fd6a10dd8,1
3b22e5249,4
62abaa505,4
d274a7103,3
4f244a307,2
34e4c214d,3
67b8ae43b,3
285a40127,1
ce637df13,4
e07d8debe,4
5c23692a4,4
4dc690fca,3
40739eff7,4
e90b93c02,2
0a4831022,4
d24a644d5,4
6bde0667b,2
e25b59349,4
10bc6fc6a,1
2d7a91c59,1
e5bbe3e54,4
